keys,en,de
"PLAY SOLO","PLAY SOLO","ALLEIN SPIELEN"
"MULTIPLAYER","MULTIPLAYER","MEHRSPIELER"
"Run the road. Outrun the crocodiles.","Run the road. Outrun the crocodiles.","Folge dem Weg. Lauf den Krokodilen davon."
"Multiplayer: play the same world with up to 4 friends","Multiplayer: play the same world with up to 4 friends","Mehrspieler: dieselbe Welt mit bis zu 4 Freunden"
"GAME OVER","GAME OVER","SPIEL VORBEI"
"NEW BEST!","NEW BEST!","NEUER REKORD!"
"Play Again","Play Again","Nochmal spielen"
"Distance: %dm","Distance: %dm","Strecke: %dm"
"Coins collected: %d","Coins collected: %d","Münzen: %d"
"Best: %dm / %d coins","Best: %dm / %d coins","Rekord: %dm / %d Münzen"
"Distance: %dm   Coins: %d","Distance: %dm   Coins: %d","Strecke: %dm   Münzen: %d"
"Lv %d   Distance: %dm   Coins: %d","Lv %d   Distance: %dm   Coins: %d","St. %d   Strecke: %dm   Münzen: %d"
"  %d SP","  %d SP","  %d FP"
"LEVEL %d
+%d skill point","LEVEL %d
+%d skill point","STUFE %d
+%d Fertigkeitspunkt"
"PAUSED

Press P to resume","PAUSED

Press P to resume","PAUSE

P drücken zum Fortsetzen"
"Click to look around","Click to look around","Klicken zum Umsehen"
"PLAINS","PLAINS","EBENE"
"DESERT","DESERT","WÜSTE"
"FOREST","FOREST","WALD"
"MOUNTAIN","MOUNTAIN","GEBIRGE"
"  ~ river ~","  ~ river ~","  ~ Fluss ~"
"JUMP","JUMP","SPRUNG"
"SPECIAL
(F)","SPECIAL
(F)","SPEZIAL
(F)"
"SWITCH
(R)","SWITCH
(R)","TAUSCH
(R)"
"View","View","Sicht"
"Tilt/Twist","Tilt/Twist","Neig/Dreh"
"Steer: Tilt","Steer: Tilt","Neigen"
"Steer: Twist","Steer: Twist","Drehen"
"TAP TO START","TAP TO START","TIPPEN ZUM START"
"Motion unavailable — tap to retry","Motion unavailable — tap to retry","Kein Sensor — nochmal tippen"
"Step in place to walk
Tilt your phone to steer
Buttons bottom-right: Jump / Special / Switch","Step in place to walk
Tilt your phone to steer
Buttons bottom-right: Jump / Special / Switch","Auf der Stelle gehen zum Laufen
Handy neigen zum Lenken
Tasten unten rechts: Sprung / Spezial / Tausch"
"Paused — tap to resume","Paused — tap to resume","Pause — tippen zum Fortsetzen"
"Rotate your device
(landscape only)","Rotate your device
(landscape only)","Gerät drehen
(nur Querformat)"
"⚙ Tune","⚙ Tune","⚙ Setup"
"DIAGNOSTICS","DIAGNOSTICS","DIAGNOSE"
"TUNING  (tap −/+)","TUNING  (tap −/+)","REGLER  (−/+ tippen)"
"Invert steering","Invert steering","Lenkung umkehren"
"How to play","How to play","Spielanleitung"
"Recalibrate (re-zero)","Recalibrate (re-zero)","Neu kalibrieren"
"Reset to defaults","Reset to defaults","Zurücksetzen"
"Close","Close","Schließen"
"Step threshold","Step threshold","Schrittschwelle"
"Step power","Step power","Schrittkraft"
"Walk decay","Walk decay","Abklingen"
"Step min interval","Step min interval","Min. Schrittabstand"
"Steer deadzone","Steer deadzone","Lenk-Totzone"
"Steer full angle","Steer full angle","Voller Lenkwinkel"
"Open rooms","Open rooms","Offene Räume"
"Refresh","Refresh","Neu laden"
"Host a new room","Host a new room","Neuen Raum öffnen"
"…or join by invite code","…or join by invite code","…oder mit Einladungscode"
"Join","Join","Beitreten"
"Hero","Hero","Held"
"Copy","Copy","Kopieren"
"Leave room","Leave room","Raum verlassen"
"Multiplayer is not available in this scene","Multiplayer is not available in this scene","Mehrspieler ist in dieser Szene nicht verfügbar"
"An invite code is %d characters","An invite code is %d characters","Ein Einladungscode hat %d Zeichen"
"Copied %s to the clipboard","Copied %s to the clipboard","%s in die Zwischenablage kopiert"
"Looking for rooms…","Looking for rooms…","Suche Räume…"
"No open rooms — host one and a friend can join it here","No open rooms — host one and a friend can join it here","Keine offenen Räume — öffne einen, ein Freund kann beitreten"
"Tap a room to join","Tap a room to join","Zum Beitreten Raum antippen"
"%s  ✓ you","%s  ✓ you","%s  ✓ du"
"In room:","In room:","Im Raum:"
"Caught! Back in %.1f...","Caught! Back in %.1f...","Erwischt! Zurück in %.1f ..."
"Moai of Easter Island","Moai of Easter Island","Moai der Osterinsel"
"Pyramids of Giza","Pyramids of Giza","Pyramiden von Gizeh"
"Statue of Liberty","Statue of Liberty","Freiheitsstatue"
"Eiffel Tower","Eiffel Tower","Eiffelturm"
"A Neolithic stone circle on Salisbury Plain, England, raised around 2500 BC.","A Neolithic stone circle on Salisbury Plain, England, raised around 2500 BC.","Ein neolithischer Steinkreis in der Ebene von Salisbury, England, errichtet um 2500 v. Chr."
"Nearly 900 stone figures carved by the Rapa Nui on Easter Island, Chile, between 1250 and 1500.","Nearly 900 stone figures carved by the Rapa Nui on Easter Island, Chile, between 1250 and 1500.","Fast 900 Steinfiguren, die das Volk der Rapa Nui zwischen 1250 und 1500 auf der Osterinsel (Chile) schuf."
"Three royal tombs near Cairo, Egypt, built around 2560 BC — the last surviving Wonder of the Ancient World.","Three royal tombs near Cairo, Egypt, built around 2560 BC — the last surviving Wonder of the Ancient World.","Drei Königsgräber bei Kairo, Ägypten, um 2560 v. Chr. erbaut — das einzige erhaltene Weltwunder der Antike."
"A 2.7 km suspension bridge over San Francisco Bay, USA, opened in 1937 and painted International Orange.","A 2.7 km suspension bridge over San Francisco Bay, USA, opened in 1937 and painted International Orange.","Eine 2,7 km lange Hängebrücke über die Bucht von San Francisco, USA, 1937 eröffnet und in International Orange gestrichen."
"A 93 m copper statue in New York Harbor, USA — a gift from France, dedicated in 1886.","A 93 m copper statue in New York Harbor, USA — a gift from France, dedicated in 1886.","Eine 93 m hohe Kupferstatue im Hafen von New York, USA — ein Geschenk Frankreichs, eingeweiht 1886."
"The arcaded central square of Madrid, Spain, completed in 1619 and ringed by 237 balconies.","The arcaded central square of Madrid, Spain, completed in 1619 and ringed by 237 balconies.","Der von Arkaden gesäumte Hauptplatz von Madrid, Spanien, 1619 vollendet und von 237 Balkonen umgeben."
"A 330 m iron tower in Paris, France, built for the 1889 World's Fair and meant to stand only 20 years.","A 330 m iron tower in Paris, France, built for the 1889 World's Fair and meant to stand only 20 years.","Ein 330 m hoher Eisenturm in Paris, Frankreich, für die Weltausstellung 1889 erbaut und nur für 20 Jahre gedacht."
"A white marble mausoleum in Agra, India, built by Shah Jahan for his wife Mumtaz Mahal in 1653.","A white marble mausoleum in Agra, India, built by Shah Jahan for his wife Mumtaz Mahal in 1653.","Ein Mausoleum aus weißem Marmor in Agra, Indien, das Schah Jahan 1653 für seine Frau Mumtaz Mahal errichten ließ."
